"OBJECTID","nom_rio"
59826,"TORRENT CROELLS"
59827,"Tram de_( TORRENT CROELLS )"
59831,"RIERA PICAMENA"
59832,"Tram de_( RIERA PICAMENA )"
59833,"Tram de_( RIERA PICAMENA )"
59847,"SOT DE FONT NEGRE O DE LA MORA"
59848,"Tram de_( SOT DE FONT NEGRE O DE LA MORA )"
59853,"Tram de_( RIERA PICAMENA )"
59855,"RIERA DEL PUJOL"
59856,"Tram de_( RIERA DEL PUJOL )"
59857,"Tram de_( RIERA DEL PUJOL )"
59859,"RIERA DE MARTINET"
59860,"Tram de_( RIERA DE MARTINET )"
59875,"BARRANC DE VALL-LLOSSERA"
59877,"Tram de_( BARRANC DE VALL-LLOSSERA )"
59879,"Tram de_( BARRANC DE VALL-LLOSSERA )"
59880,"Tram de_( BARRANC DE VALL-LLOSSERA )"
59881,"TORRENT DE FONT TORDERA"
59882,"Tram de_( TORRENT DE FONT TORDERA )"
59885,"BARRANC DEL PUIG"
59886,"Tram de_( BARRANC DEL PUIG )"
59889,"Tram de_( BARRANC DEL PUIG )"
60173,"Tram de_( SIN NOMBRE )"
60176,"Tram de_( SIN NOMBRE )"
60177,"Tram de_( SIN NOMBRE )"
60185,"RIERA DE SANTA COLOMA"
60186,"Tram de_( RIERA DE SANTA COLOMA )"
60188,"Tram de_( RIERA DE SANTA COLOMA )"
60189,"Tram de_( SIN NOMBRE )"
60190,"Tram de_( RIERA DE SANTA COLOMA )"
60193,"Tram de_( RIERA DE SANTA COLOMA )"
60194,"RIERA DE MAÇANES"
60195,"TORRENT DE CAL NAN"
60196,"Tram de_( TORRENT DE CAL NAN )"
60197,"Tram de_( TORRENT DE CAL NAN )"
60198,"RIERA DE LA CASANOVA"
60199,"Tram de_( RIERA DE LA CASANOVA )"
60200,"Tram de_( RIERA DE LA CASANOVA )"
60201,"Tram de_( SIN NOMBRE )"
60202,"RIERA DE L'ESPARRA"
60203,"Tram de_( RIERA DE L'ESPARRA )"
60204,"Tram de_( SIN NOMBRE )"
60205,"Tram de_( RIERA DE L'ESPARRA )"
60207,"Tram de_( RIERA DE MAÇANES )"
60208,"Tram de_( RIERA DE MAÇANES )"
60209,"Tram de_( RIERA DE MAÇANES )"
60210,"Tram de_( SIN NOMBRE )"
60211,"Tram de_( SIN NOMBRE )"
60212,"Tram de_( SIN NOMBRE )"
60213,"TORRENT DE MOLLET"
60218,"Tram de_( TORRENT DE MOLLET )"
60219,"Tram de_( TORRENT DE MOLLET )"
60220,"Tram de_( SIN NOMBRE )"
60221,"Tram de_( TORRENT DE MOLLET )"
60222,"SOT DE L'INFERN"
60223,"Tram de_( SOT DE L'INFERN )"
60224,"Tram de_( RIERA DE SANTA COLOMA )"
60296,"TORRENT DE L'ESPARRA"
60297,"BARRANC DE CAN COLOMER"
60298,"Tram de_( BARRANC DE CAN COLOMER )"
60299,"Tram de_( SIN NOMBRE )"
60300,"BARRANC DE CAN COLOMER"
60301,"Tram de_( BARRANC DE CAN COLOMER )"
60302,"Tram de_( TORRENT DE L'ESPARRA )"
60303,"Tram de_( TORRENT DE L'ESPARRA )"
60304,"Tram de_( TORRENT DE L'ESPARRA )"
60305,"SOT DE LA PEDROSA"
60306,"Tram de_( SOT DE LA PEDROSA )"
60312,"TORRENT DE VILARRASA"
60315,"Tram de_( TORRENT DE VILARRASA )"
60317,"Tram de_( TORRENT DE VILARRASA )"
60318,"Tram de_( TORRENT DE VILARRASA )"
60320,"Tram de_( TORRENT DE VILARRASA )"
60321,"Tram de_( TORRENT DE VILARRASA )"
60322,"Tram de_( TORRENT DE VILARRASA )"
60323,"Tram de_( TORRENT DE VILARRASA )"
60324,"Tram de_( SIN NOMBRE )"
60325,"RIU D'ESPLET"
60328,"TORRENT DE FABREGUES"
60329,"Tram de_( TORRENT DE FABREGUES )"
60330,"Tram de_( RIU D'ESPLET )"
60331,"Tram de_( RIU D'ESPLET )"
60332,"Tram de_( RIU D'ESPLET )"
60333,"Tram de_( RIERA DE SANTA COLOMA )"
60334,"BARRANC DE LES GATOSES"
60335,"Tram de_( BARRANC DE LES GATOSES )"
60336,"Tram de_( RIERA DE SANTA COLOMA )"
60337,"RIERA DE CANADELL"
60338,"Tram de_( RIERA DE CANADELL )"
60339,"RIERA DE CASTANYET"
60340,"Tram de_( RIERA DE CASTANYET )"
60341,"Tram de_( RIERA DE CASTANYET )"
60342,"Tram de_( RIERA DE CASTANYET )"
60343,"Tram de_( RIERA DE CASTANYET )"
60344,"Tram de_( RIERA DE CASTANYET )"
60345,"Tram de_( SIN NOMBRE )"
60346,"Tram de_( SIN NOMBRE )"
60347,"Tram de_( SIN NOMBRE )"
60348,"Tram de_( RIERA DE CASTANYET )"
60349,"Tram de_( RIERA DE CASTANYET )"
60350,"Tram de_( RIERA DE CASTANYET )"
60351,"SOT DEL PRIMAL"
60352,"Tram de_( SOT DEL PRIMAL )"
60353,"Tram de_( SOT DEL PRIMAL )"
60354,"Tram de_( RIERA DE CANADELL )"
60355,"Tram de_( RIERA DE CANADELL )"
60356,"Tram de_( RIERA DE SANTA COLOMA )"
60357,"Tram de_( RIERA DE SANTA COLOMA )"
60358,"Tram de_( RIERA DE SANTA COLOMA )"
60359,"Tram de_( RIERA DE SANTA COLOMA )"
60360,"Tram de_( RIERA DE SANTA COLOMA )"
60361,"SOT DE PENYACANS"
60362,"Tram de_( SOT DE PENYACANS )"
60363,"Tram de_( RIERA DE SANTA COLOMA )"
60364,"Tram de_( RIERA DE SANTA COLOMA )"
60365,"Tram de_( RIERA DE SANTA COLOMA )"
60366,"SOT DE CAN GAVALDA"
60367,"Tram de_( SOT DE CAN GAVALDA )"
60368,"Tram de_( SIN NOMBRE )"
60369,"Tram de_( SOT DE CAN GAVALDA )"
60371,"Tram de_( RIERA DE SANTA COLOMA )"
60372,"SOT DE LA CENDROSA"
60373,"Tram de_( SOT DE LA CENDROSA )"
60374,"Tram de_( SIN NOMBRE )"
60375,"Tram de_( SOT DE LA CENDROSA )"
60376,"Tram de_( RIERA DE SANTA COLOMA )"
60377,"RIERA DE JOANET"
60378,"SOT DE MAS MOLL"
60379,"Tram de_( SOT DE MAS MOLL )"
60384,"Tram de_( RIERA DE JOANET )"
60385,"Tram de_( SIN NOMBRE )"
60386,"Tram de_( RIERA DE JOANET )"
60387,"Tram de_( SIN NOMBRE )"
60388,"Tram de_( RIERA DE JOANET )"
60389,"Tram de_( RIERA DE JOANET )"
60390,"RIERA DE VALLORS"
60391,"Tram de_( RIERA DE VALLORS )"
60393,"TORRENT DE VALLCROSA"
60394,"TORRENT DE SANTA MARGARIDA"
60395,"Tram de_( TORRENT DE SANTA MARGARIDA )"
60396,"Tram de_( TORRENT DE SANTA MARGARIDA )"
60397,"Tram de_( TORRENT DE VALLCROSA )"
60398,"BASSA DELA VINYETS"
60399,"Tram de_( BASSA DELA VINYETS )"
60401,"TORRENT DELS ABEURADORS"
60402,"Tram de_( TORRENT DELS ABEURADORS )"
60403,"Tram de_( TORRENT DELS ABEURADORS )"
60404,"Tram de_( TORRENT DE VALLCROSA )"
60405,"Tram de_( TORRENT DE VALLCROSA )"
60406,"Tram de_( TORRENT DE VALLCROSA )"
60407,"TORRENT DE LA TEULERIA O DEL FERRO"
60408,"Tram de_( TORRENT DE LA TEULERIA O DEL FERRO )"
60409,"Tram de_( TORRENT DE LA TEULERIA O DEL FERRO )"
60412,"TORRENT DE SANT JACINT"
60413,"Tram de_( TORRENT DE SANT JACINT )"
60421,"RIERA DE ARBUCIES"
60422,"Tram de_( RIERA DE ARBUCIES )"
60423,"Tram de_( RIERA DE ARBUCIES )"
60424,"RIERA DE BUIXALLEU"
60425,"Tram de_( RIERA DE BUIXALLEU )"
60426,"Tram de_( RIERA DE ARBUCIES )"
60427,"Tram de_( RIERA DE ARBUCIES )"
60430,"Tram de_( RIERA DE ARBUCIES )"
60431,"Tram de_( RIERA DE ARBUCIES )"
60432,"Tram de_( RIERA DE ARBUCIES )"
60434,"RIERA DE RUIDECOS O DE LA PINEDA"
60435,"Tram de_( RIERA DE RUIDECOS O DE LA PINEDA )"
60437,"SOT DE RAMILANS"
60438,"Tram de_( SOT DE RAMILANS )"
60439,"Tram de_( SOT DE RAMILANS )"
60440,"Tram de_( RIERA DE RUIDECOS O DE LA PINEDA )"
60442,"Tram de_( RIERA DE RUIDECOS O DE LA PINEDA )"
60443,"Tram de_( RIERA DE RUIDECOS O DE LA PINEDA )"
60444,"SOT DE LA GALTERA"
60445,"Tram de_( SOT DE LA GALTERA )"
60446,"Tram de_( SOT DE LA GALTERA )"
60447,"RIERA DE PONT GRAN"
60448,"Tram de_( RIERA DE PONT GRAN )"
60449,"Tram de_( RIERA DE PONT GRAN )"
60450,"Tram de_( RIERA DE PONT GRAN )"
60451,"SOT DE LA GENETA"
60452,"Tram de_( SOT DE LA GENETA )"
60453,"Tram de_( SOT DE LA GENETA )"
60459,"SOT DE L'ESCALA"
60460,"Tram de_( SOT DE L'ESCALA )"
60462,"RIERA XICA"
60463,"Tram de_( RIERA XICA )"
60464,"Tram de_( RIERA XICA )"
60465,"Tram de_( RIERA XICA )"
60466,"Tram de_( SIN NOMBRE )"
60467,"Tram de_( SIN NOMBRE )"
60468,"Tram de_( SIN NOMBRE )"
60469,"Tram de_( RIERA XICA )"
60471,"Tram de_( RIERA DE ARBUCIES )"
60480,"Tram de_( RIERA DE ARBUCIES )"
60485,"SOT DE CAN DORCA"
60487,"Tram de_( SOT DE CAN DORCA )"
60488,"Tram de_( SOT DE CAN DORCA )"
60489,"Tram de_( SOT DE CAN DORCA )"
60491,"SOT DE FERRERS"
60492,"Tram de_( SOT DE FERRERS )"
60495,"Tram de_( RIERA DE ARBUCIES )"
60500,"SOT DEL CROUS"
60501,"Tram de_( SOT DEL CROUS )"
60516,"REC DE GASERANS"
60517,"Tram de_( REC DE GASERANS )"
60518,"Tram de_( REC DE GASERANS )"
60524,"RIERA DE RIPIAIX"
60528,"RIERA DE BREDA"
60532,"SOT DE LES OLIVARETES"
60533,"Tram de_( SOT DE LES OLIVARETES )"
60544,"Tram de_( RIERA DE BREDA )"
60546,"Tram de_( RIERA DE RIPIAIX )"
60547,"SOT DE CAMAFOSCA"
60548,"Tram de_( SOT DE CAMAFOSCA )"
60583,"RIERA DE GUALBA"
60594,"Tram de_( RIERA DE GUALBA )"
60595,"Tram de_( RIERA DE GUALBA )"
60596,"RIERA DE SANTA FE"
60707,"RIERA DE BASCONA"
60710,"Tram de_( RIERA DE BASCONA )"
60711,"RIU MAJOR"
60713,"RIERA DE LA CASTANYA"
60716,"SOT DE ROCACORBA"
60717,"Tram de_( SOT DE ROCACORBA )"
60718,"Tram de_( SOT DE ROCACORBA )"
60722,"SOT DEL BASSAU"
60725,"Tram de_( RIERA DE LA CASTANYA )"
60738,"SOT DEL PEDREGUER RODO"
60739,"Tram de_( SOT DEL PEDREGUER RODO )"
61091,"RIU TER"
61393,"TORRENT DE CAN TARINET"
61395,"Tram de_( TORRENT DE CAN TARINET )"
61399,"Tram de_( SIN NOMBRE )"
61405,"RIERA DE SANT MARTI"
61406,"Tram de_( RIERA DE SANT MARTI )"
61407,"TORRENT DE CAN PLA"
61408,"Tram de_( TORRENT DE CAN PLA )"
61410,"SOT DE CAL XACA"
61412,"Tram de_( SOT DE CAL XACA )"
61413,"Tram de_( SIN NOMBRE )"
61415,"BARRANC DE RIEROLA"
61416,"Tram de_( BARRANC DE RIEROLA )"
61417,"Tram de_( RIERA DE SANT MARTI )"
61420,"Tram de_( SIN NOMBRE )"
61421,"TORRENT DE SANT MARTI"
61422,"Tram de_( TORRENT DE SANT MARTI )"
61426,"Tram de_( SIN NOMBRE )"
61427,"Tram de_( TORRENT DE SANT MARTI )"
61429,"Tram de_( TORRENT DE SANT MARTI )"
61430,"Tram de_( SIN NOMBRE )"
61546,"TORRENT DE CAN BORA"
61552,"Tram de_( TORRENT DE CAN BORA )"
61553,"TORRENT DE CAN COMTE"
61554,"Tram de_( TORRENT DE CAN COMTE )"
61558,"Tram de_( SIN NOMBRE )"
61560,"RIERA DE SANT CLIMENT"
61561,"TORRENT DE LA FONT DEL MANY"
61562,"Tram de_( TORRENT DE LA FONT DEL MANY )"
61563,"Tram de_( TORRENT DE LA FONT DEL MANY )"
61565,"Tram de_( RIERA DE SANT CLIMENT )"
61566,"Tram de_( RIERA DE SANT CLIMENT )"
61567,"Tram de_( RIERA DE SANT CLIMENT )"
61570,"TORRENT DE LA CANOVA"
61571,"Tram de_( TORRENT DE LA CANOVA )"
61572,"Tram de_( TORRENT DE LA CANOVA )"
61573,"TORRENT DE BASCARA"
61574,"Tram de_( TORRENT DE BASCARA )"
61575,"Tram de_( TORRENT DE BASCARA )"
61576,"Tram de_( TORRENT DE LA CANOVA )"
61577,"Tram de_( RIU TER )"
61578,"RIERA DE SANT PERE"
61579,"Tram de_( RIERA DE SANT PERE )"
61580,"Tram de_( RIERA DE SANT PERE )"
61581,"Tram de_( RIERA DE SANT PERE )"
61582,"Tram de_( RIERA DE SANT PERE )"
61583,"Tram de_( RIERA DE SANT PERE )"
61584,"Tram de_( RIERA DE SANT PERE )"
61585,"Tram de_( RIERA DE SANT PERE )"
61586,"Tram de_( RIU TER )"
61587,"Tram de_( RIU TER )"
61588,"Tram de_( RIU TER )"
61589,"Tram de_( RIU TER )"
61590,"RIERA DE SANT AMANÇ"
61591,"Tram de_( RIERA DE SANT AMANÇ )"
61593,"Tram de_( RIERA DE SANT AMANÇ )"
61594,"Tram de_( RIERA DE SANT AMANÇ )"
61596,"Tram de_( RIERA DE SANT AMANÇ )"
61597,"SOT DE CAN FALGUERA"
61598,"Tram de_( SOT DE CAN FALGUERA )"
61599,"Tram de_( SOT DE CAN FALGUERA )"
61600,"Tram de_( RIU TER )"
61601,"RIERA D'OSOR"
61602,"Tram de_( RIERA D'OSOR )"
61603,"Tram de_( RIERA D'OSOR )"
61604,"Tram de_( RIERA D'OSOR )"
61605,"Tram de_( RIERA D'OSOR )"
61606,"Tram de_( SIN NOMBRE )"
61607,"SOT DE LA GREVOLOSA"
61608,"Tram de_( SOT DE LA GREVOLOSA )"
61609,"Tram de_( SOT DE LA GREVOLOSA )"
61610,"Tram de_( SIN NOMBRE )"
61611,"Tram de_( SIN NOMBRE )"
61612,"Tram de_( SIN NOMBRE )"
61613,"Tram de_( SIN NOMBRE )"
61614,"Tram de_( RIERA D'OSOR )"
61615,"Tram de_( RIERA D'OSOR )"
61618,"SOT D'AIGUASFREDA"
61619,"Tram de_( SOT D'AIGUASFREDA )"
61620,"Tram de_( SOT D'AIGUASFREDA )"
61621,"Tram de_( RIERA D'OSOR )"
61623,"SOT DE LA NOGUEROLA"
61625,"Tram de_( SOT DE LA NOGUEROLA )"
61626,"Tram de_( SOT DE LA NOGUEROLA )"
61627,"Tram de_( SOT DE LA NOGUEROLA )"
61628,"Tram de_( SOT DE LA NOGUEROLA )"
61630,"Tram de_( RIERA D'OSOR )"
61633,"Tram de_( RIERA D'OSOR )"
61634,"Tram de_( RIERA D'OSOR )"
61635,"Tram de_( RIERA D'OSOR )"
61636,"Tram de_( RIERA D'OSOR )"
61637,"Tram de_( RIERA D'OSOR )"
61638,"Tram de_( RIERA D'OSOR )"
61639,"Tram de_( RIERA D'OSOR )"
61640,"RIERA DE MAS CLAVER"
61641,"Tram de_( RIERA DE MAS CLAVER )"
61642,"Tram de_( RIERA D'OSOR )"
61643,"Tram de_( RIERA D'OSOR )"
61644,"Tram de_( RIERA D'OSOR )"
61645,"TORRENT DE LA FONT DEL GAVATX"
61646,"Tram de_( TORRENT DE LA FONT DEL GAVATX )"
61647,"Tram de_( TORRENT DE LA FONT DEL GAVATX )"
61648,"Tram de_( TORRENT DE LA FONT DEL GAVATX )"
61649,"Tram de_( TORRENT DE LA FONT DEL GAVATX )"
61650,"Tram de_( TORRENT DE LA FONT DEL GAVATX )"
61651,"Tram de_( RIERA D'OSOR )"
61652,"Tram de_( RIERA D'OSOR )"
61654,"RIERA GRANDE"
61656,"SOT DE LA BARRACA"
61657,"Tram de_( SOT DE LA BARRACA )"
61658,"Tram de_( RIERA GRANDE )"
61659,"RIERA DEL MOLI ROQUER"
61660,"BARRANC DEL SALT DEL BOU"
61661,"Tram de_( BARRANC DEL SALT DEL BOU )"
61662,"Tram de_( RIERA DEL MOLI ROQUER )"
61663,"RIERA DE LA CAU"
61664,"Tram de_( RIERA DE LA CAU )"
61665,"TORRENT DE LA MUNTANYA"
61666,"Tram de_( TORRENT DE LA MUNTANYA )"
61667,"RIERA DE FONT PICANT"
61668,"Tram de_( RIERA DE FONT PICANT )"
61669,"Tram de_( RIERA DE FONT PICANT )"
61670,"RIERA DE LA FONT VELLA"
61671,"Tram de_( RIERA DE FONT PICANT )"
61673,"Tram de_( RIU TER )"
61674,"TORRENT DE SALES"
61675,"Tram de_( TORRENT DE SALES )"
61676,"Tram de_( RIU TER )"
61677,"Tram de_( RIU TER )"
61678,"TORRENT DE RAJOLET"
61679,"Tram de_( TORRENT DE RAJOLET )"
61680,"Tram de_( TORRENT DE RAJOLET )"
61681,"RIU BRUGUENT"
61682,"Tram de_( RIU BRUGUENT )"
61683,"Tram de_( RIU BRUGUENT )"
61684,"Tram de_( RIU BRUGUENT )"
61685,"TORRENT DE ROCA-SALVA"
61686,"Tram de_( TORRENT DE ROCA-SALVA )"
61687,"Tram de_( TORRENT DE ROCA-SALVA )"
61689,"Tram de_( RIU BRUGUENT )"
61691,"Tram de_( RIU BRUGUENT )"
61692,"Tram de_( RIU BRUGUENT )"
61693,"Tram de_( RIU BRUGUENT )"
61696,"Tram de_( RIU BRUGUENT )"
61697,"Tram de_( SIN NOMBRE )"
61764,"Tram de_( RIU TER )"
61765,"TORRENT DEL GORNERS"
61766,"Tram de_( TORRENT DEL GORNERS )"
61767,"Tram de_( TORRENT DEL GORNERS )"
61770,"Tram de_( RIU TER )"
61771,"SOT DE LA TRIOLA"
61772,"Tram de_( SOT DE LA TRIOLA )"
61773,"Tram de_( RIU TER )"
61774,"Tram de_( RIU TER )"
61775,"Tram de_( RIU TER )"
61778,"Tram de_( RIU TER )"
61780,"SOT DE L'ENCONTORN"
61781,"Tram de_( SOT DE L'ENCONTORN )"
61782,"TORRENT DE SANT MARTI"
61783,"Tram de_( TORRENT DE SANT MARTI )"
61784,"Tram de_( TORRENT DE SANT MARTI )"
61785,"RIERA DE L'OM"
61786,"Tram de_( RIERA DE L'OM )"
61816,"TORRENT DE BENEGRE"
61817,"Tram de_( TORRENT DE BENEGRE )"
61823,"Tram de_( RIU TER )"
61827,"Tram de_( RIU TER )"
61828,"SOT DE SERRALLONGA"
61829,"Tram de_( SOT DE SERRALLONGA )"
61830,"Tram de_( SOT DE SERRALLONGA )"
61831,"Tram de_( RIU TER )"
61832,"Tram de_( RIU TER )"
61833,"RIERA DE QUEROS"
61834,"SOT DE L'ALBADIA"
61835,"Tram de_( SOT DE L'ALBADIA )"
61838,"Tram de_( RIERA DE QUEROS )"
61840,"Tram de_( RIU TER )"
61841,"TORRENT DE LES PIPES"
61843,"Tram de_( TORRENT DE LES PIPES )"
61844,"SOT DEL TEIX"
61845,"Tram de_( SOT DEL TEIX )"
61848,"RIU PREGON"
61850,"TORRENT DE COMA FERRERA"
61851,"Tram de_( TORRENT DE COMA FERRERA )"
61852,"Tram de_( RIU PREGON )"
61853,"Tram de_( RIU PREGON )"
61854,"Tram de_( RIU PREGON )"
61855,"Tram de_( RIU PREGON )"
61856,"TORRENT DE L'AIGUARDENT"
61857,"Tram de_( TORRENT DE L'AIGUARDENT )"
61858,"Tram de_( TORRENT DE L'AIGUARDENT )"
61861,"RIERA MAJOR"
61862,"TORRENT DE SACODINA"
61863,"Tram de_( TORRENT DE SACODINA )"
61864,"Tram de_( TORRENT DE SACODINA )"
61867,"Tram de_( RIERA MAJOR )"
61869,"SOT DELS VIMETERS"
61870,"Tram de_( SOT DELS VIMETERS )"
61872,"RIERA DE CASTANYEDELL"
61873,"Tram de_( RIERA DE CASTANYEDELL )"
61874,"Tram de_( RIERA DE CASTANYEDELL )"
61876,"SOT DE LES BASSES"
61877,"Tram de_( SOT DE LES BASSES )"
61878,"Tram de_( RIERA DE CASTANYEDELL )"
61879,"RIERA DE TORRENTS"
61881,"Tram de_( RIERA DE TORRENTS )"
61882,"Tram de_( RIERA DE TORRENTS )"
61884,"TORRENT DE LA FONT D'EN MARTI"
61886,"Tram de_( TORRENT DE LA FONT D'EN MARTI )"
61888,"Tram de_( RIERA MAJOR )"
61889,"RIERA DE CAN FAIRE"
61890,"Tram de_( RIERA DE CAN FAIRE )"
61892,"Tram de_( RIERA DE CAN FAIRE )"
61893,"TORRENT DE CAN DODES"
61894,"Tram de_( TORRENT DE CAN DODES )"
61900,"Tram de_( TORRENT DE CAN DODES )"
61901,"Tram de_( RIERA MAJOR )"
61905,"RIERA D'ESPINELVES"
61906,"Tram de_( RIERA D'ESPINELVES )"
61907,"Tram de_( RIERA D'ESPINELVES )"
61908,"Tram de_( RIERA D'ESPINELVES )"
61912,"SOT DE CUBELLS"
61913,"Tram de_( SOT DE CUBELLS )"
61914,"Tram de_( RIERA D'ESPINELVES )"
61915,"Tram de_( RIERA D'ESPINELVES )"
61916,"Tram de_( RIERA D'ESPINELVES )"
61917,"SOT DE CAN GALL"
61919,"Tram de_( SOT DE CAN GALL )"
61920,"Tram de_( SOT DE CAN GALL )"
61921,"Tram de_( RIERA MAJOR )"
61922,"TORRENT DE LA VERNEDA"
61923,"Tram de_( TORRENT DE LA VERNEDA )"
61925,"SOT DEL PLA DE BRUGUEROLA"
61926,"Tram de_( SOT DEL PLA DE BRUGUEROLA )"
61927,"RIERA DE LES CORTS"
61928,"Tram de_( RIERA DE LES CORTS )"
61930,"Tram de_( RIERA DE LES CORTS )"
61934,"Tram de_( RIERA MAJOR )"
61935,"Tram de_( RIERA MAJOR )"
61936,"TORRENT DEL VILAR"
61937,"Tram de_( TORRENT DEL VILAR )"
61940,"TORRENT DEL VILAR"
61942,"Tram de_( TORRENT DEL VILAR )"
61943,"Tram de_( TORRENT DEL VILAR )"
61944,"SOT DE SALLENT"
61945,"Tram de_( SOT DE SALLENT )"
61946,"Tram de_( SOT DE SALLENT )"
61947,"Tram de_( SOT DE SALLENT )"
61949,"Tram de_( RIERA MAJOR )"
61952,"TORRENT FONT POMERETA"
61953,"Tram de_( TORRENT FONT POMERETA )"
61959,"Tram de_( RIERA MAJOR )"
61960,"Tram de_( RIERA MAJOR )"
61961,"Tram de_( RIERA MAJOR )"
61962,"Tram de_( RIERA MAJOR )"
61968,"Tram de_( RIU TER )"
61971,"TORRENT DE LES FAGEDES"
61972,"Tram de_( TORRENT DE LES FAGEDES )"
61973,"Tram de_( TORRENT DE LES FAGEDES )"
61974,"TORRENT DELS ROMANINS"
61975,"Tram de_( TORRENT DELS ROMANINS )"
61977,"TORRENT DE LA POLLEDA"
61978,"Tram de_( TORRENT DE LA POLLEDA )"
61979,"Tram de_( TORRENT DE LES FAGEDES )"
61980,"TORRENT SEC"
61981,"Tram de_( TORRENT SEC )"
61983,"Tram de_( RIU TER )"
61984,"Tram de_( RIU TER )"
61985,"Tram de_( RIU TER )"
61989,"TORRENT DE LA FONT DE LA VENA"
61990,"Tram de_( TORRENT DE LA FONT DE LA VENA )"
62001,"Tram de_( RIU TER )"
62002,"Tram de_( RIU TER )"
62003,"Tram de_( RIU TER )"
62004,"TORRENT DE LES CONQUES"
62009,"Tram de_( TORRENT DE LES CONQUES )"
62010,"RIERA DE SANT L'HORTA MARTI"
62012,"RIERA DE LES GORGUES"
62013,"Tram de_( RIERA DE LES GORGUES )"
62038,"Tram de_( RIERA DE SANT L'HORTA MARTI )"
62050,"Tram de_( RIU TER )"
62051,"TORRENT DE L'INFERN"
62052,"Tram de_( TORRENT DE L'INFERN )"
62062,"TORRENT DE LLAFRENCA O DE CASES NOVES"
62063,"Tram de_( TORRENT DE LLAFRENCA O DE CASES NOVES )"
62064,"RIERA DE TAVERNOLES"
62065,"Tram de_( RIERA DE TAVERNOLES )"
62066,"Tram de_( RIERA DE TAVERNOLES )"
62067,"Tram de_( RIERA DE TAVERNOLES )"
62068,"Tram de_( RIU TER )"
62069,"RIU GURRI"
62070,"TORRENT DE FOLGUEROLES"
62071,"Tram de_( TORRENT DE FOLGUEROLES )"
62072,"Tram de_( TORRENT DE FOLGUEROLES )"
62073,"TORRENT DEL CEMENTERI"
62074,"Tram de_( TORRENT DEL CEMENTERI )"
62075,"Tram de_( TORRENT DE FOLGUEROLES )"
62076,"Tram de_( TORRENT DE FOLGUEROLES )"
62077,"REC DE L'AIGUOL"
62078,"Tram de_( REC DE L'AIGUOL )"
62079,"Tram de_( REC DE L'AIGUOL )"
62080,"RIERA DE REMINTOL"
62081,"Tram de_( RIERA DE REMINTOL )"
62086,"Tram de_( RIERA DE REMINTOL )"
62088,"Tram de_( RIERA DE REMINTOL )"
62089,"Tram de_( RIERA DE REMINTOL )"
62098,"Tram de_( RIU GURRI )"
62099,"TORRENT DE SANT MARTI O RIERA DE SANT JULIA"
62100,"TORRENT DE LA SERRA"
62101,"Tram de_( TORRENT DE LA SERRA )"
62102,"Tram de_( TORRENT DE SANT MARTI O RIERA DE SANT JULIA )"
62104,"Tram de_( TORRENT DE SANT MARTI O RIERA DE SANT JULIA )"
62106,"SOT DELS BALBS"
62107,"Tram de_( SOT DELS BALBS )"
62108,"Tram de_( TORRENT DE SANT MARTI O RIERA DE SANT JULIA )"
62109,"Tram de_( TORRENT DE SANT MARTI O RIERA DE SANT JULIA )"
62110,"REC DE FONTANELLES"
62111,"Tram de_( REC DE FONTANELLES )"
62112,"Tram de_( REC DE FONTANELLES )"
62113,"RIU MEDER"
62114,"Tram de_( RIU MEDER )"
62115,"RIERA DE SANT JOAN DE GALI"
62117,"Tram de_( RIERA DE SANT JOAN DE GALI )"
62160,"TORRENT DEL BARO"
62161,"Tram de_( TORRENT DEL BARO )"
62162,"TORRENT DE SANT JAUME"
62164,"Tram de_( TORRENT DE SANT JAUME )"
62165,"Tram de_( TORRENT DE SANT JAUME )"
62167,"RIERA DE VILALLEONS"
62168,"Tram de_( RIERA DE VILALLEONS )"
62169,"TORRENT DE SANTA EUGENIA"
62170,"Tram de_( TORRENT DE SANTA EUGENIA )"
62171,"Tram de_( RIERA DE VILALLEONS )"
62172,"TORRENT DE ROCA FARIGOLA"
62173,"Tram de_( TORRENT DE ROCA FARIGOLA )"
62174,"Tram de_( RIERA DE VILALLEONS )"
62175,"TORRENT DE SANT CUGAT O RIERA DE TONA"
62176,"Tram de_( TORRENT DE SANT CUGAT O RIERA DE TONA )"
62178,"RIERA DE MUNTER"
62180,"Tram de_( RIERA DE MUNTER )"
62183,"TORRENT DE SEGALERS"
62184,"Tram de_( TORRENT DE SEGALERS )"
62185,"Tram de_( TORRENT DE SANT CUGAT O RIERA DE TONA )"
62190,"RIERA MANSA"
62193,"Tram de_( RIERA MANSA )"
62195,"TORRENT DE L'ALBEREDA"
62196,"Tram de_( TORRENT DE L'ALBEREDA )"
62197,"Tram de_( TORRENT DE L'ALBEREDA )"
62200,"TORRENTERA DE GASALA"
62201,"Tram de_( TORRENTERA DE GASALA )"
62202,"Tram de_( RIU GURRI )"
62204,"TORRENT DE LES PLANES"
62205,"Tram de_( TORRENT DE LES PLANES )"
62206,"Tram de_( TORRENT DE LES PLANES )"
62207,"Tram de_( TORRENT DE LES PLANES )"
62208,"Tram de_( RIU GURRI )"
62209,"Tram de_( RIU GURRI )"
62210,"Tram de_( RIU GURRI )"
62211,"Tram de_( RIU GURRI )"
62212,"SOT DELS AIGOLS"
62213,"Tram de_( SOT DELS AIGOLS )"
62219,"Tram de_( RIU TER )"
62223,"RIERA DE SORREIGS"
62224,"Tram de_( RIERA DE SORREIGS )"
62225,"TORRENT DE CAN SAGARMANTA"
62226,"Tram de_( TORRENT DE CAN SAGARMANTA )"
62228,"Tram de_( RIERA DE SORREIGS )"
62256,"TORRENT DEL CORRAL"
62257,"Tram de_( TORRENT DEL CORRAL )"
62258,"Tram de_( RIU TER )"
