OBJECTID,nom_rio,OBJECTID_2,nom_rio_2
60108,RIU TORDERA,60165,SIN NOMBRE
60108,RIU TORDERA,60171,SIN NOMBRE
60108,RIU TORDERA,60414,SIN NOMBRE
60108,RIU TORDERA,60519,SIN NOMBRE
60108,RIU TORDERA,60520,SIN NOMBRE
60108,RIU TORDERA,60523,SIN NOMBRE
60108,RIU TORDERA,60566,SIN NOMBRE
60108,RIU TORDERA,60567,SIN NOMBRE
60108,RIU TORDERA,60580,SIN NOMBRE
60108,RIU TORDERA,60581,SIN NOMBRE
60138,TORRENT DE VALL-LLOPARDA,60139,SIN NOMBRE
60138,TORRENT DE VALL-LLOPARDA,60140,SIN NOMBRE
60138,TORRENT DE VALL-LLOPARDA,60144,SIN NOMBRE
60139,SIN NOMBRE,60139,SIN NOMBRE
60140,SIN NOMBRE,60140,SIN NOMBRE
60144,SIN NOMBRE,60144,SIN NOMBRE
60156,TORRENT DE CAN MATES,60157,SIN NOMBRE
60156,TORRENT DE CAN MATES,60158,SIN NOMBRE
60157,SIN NOMBRE,60157,SIN NOMBRE
60158,SIN NOMBRE,60158,SIN NOMBRE
60159,SIN NOMBRE,60159,SIN NOMBRE
60162,SIN NOMBRE,60162,SIN NOMBRE
60165,SIN NOMBRE,60165,SIN NOMBRE
60166,BARRANC DE MAS GAVATX,60167,SIN NOMBRE
60166,BARRANC DE MAS GAVATX,60169,SIN NOMBRE
60166,BARRANC DE MAS GAVATX,60170,SIN NOMBRE
60167,SIN NOMBRE,60167,SIN NOMBRE
60169,SIN NOMBRE,60169,SIN NOMBRE
60170,SIN NOMBRE,60170,SIN NOMBRE
60171,SIN NOMBRE,60171,SIN NOMBRE
60172,BARRANC DE CA N'OLLER,60173,SIN NOMBRE
60172,BARRANC DE CA N'OLLER,60174,SIN NOMBRE
60172,BARRANC DE CA N'OLLER,60175,SIN NOMBRE
60172,BARRANC DE CA N'OLLER,60176,SIN NOMBRE
60172,BARRANC DE CA N'OLLER,60177,SIN NOMBRE
60172,BARRANC DE CA N'OLLER,60178,SIN NOMBRE
60173,SIN NOMBRE,60173,SIN NOMBRE
60174,SIN NOMBRE,60174,SIN NOMBRE
60175,SIN NOMBRE,60175,SIN NOMBRE
60176,SIN NOMBRE,60176,SIN NOMBRE
60177,SIN NOMBRE,60177,SIN NOMBRE
60178,SIN NOMBRE,60178,SIN NOMBRE
60179,RIERA DE TERRA NEGRA,60184,SIN NOMBRE
60180,REC DE CAN PLANES,60181,SIN NOMBRE
60180,REC DE CAN PLANES,60182,SIN NOMBRE
60180,REC DE CAN PLANES,60183,SIN NOMBRE
60181,SIN NOMBRE,60181,SIN NOMBRE
60182,SIN NOMBRE,60182,SIN NOMBRE
60182,SIN NOMBRE,60183,SIN NOMBRE
60183,SIN NOMBRE,60182,SIN NOMBRE
60183,SIN NOMBRE,60183,SIN NOMBRE
60184,SIN NOMBRE,60184,SIN NOMBRE
60185,RIERA DE SANTA COLOMA,60186,SIN NOMBRE
60185,RIERA DE SANTA COLOMA,60188,SIN NOMBRE
60185,RIERA DE SANTA COLOMA,60190,SIN NOMBRE
60185,RIERA DE SANTA COLOMA,60193,SIN NOMBRE
60185,RIERA DE SANTA COLOMA,60224,SIN NOMBRE
60186,SIN NOMBRE,60186,SIN NOMBRE
60188,SIN NOMBRE,60188,SIN NOMBRE
60188,SIN NOMBRE,60189,SIN NOMBRE
60189,SIN NOMBRE,60189,SIN NOMBRE
60190,SIN NOMBRE,60190,SIN NOMBRE
60193,SIN NOMBRE,60193,SIN NOMBRE
60194,RIERA DE MAÇANES,60193,SIN NOMBRE
60194,RIERA DE MAÇANES,60207,SIN NOMBRE
60194,RIERA DE MAÇANES,60208,SIN NOMBRE
60194,RIERA DE MAÇANES,60209,SIN NOMBRE
60195,TORRENT DE CAL NAN,60196,SIN NOMBRE
60195,TORRENT DE CAL NAN,60197,SIN NOMBRE
60196,SIN NOMBRE,60196,SIN NOMBRE
60196,SIN NOMBRE,60197,SIN NOMBRE
60197,SIN NOMBRE,60196,SIN NOMBRE
60197,SIN NOMBRE,60197,SIN NOMBRE
60198,RIERA DE LA CASANOVA,60199,SIN NOMBRE
60198,RIERA DE LA CASANOVA,60200,SIN NOMBRE
60199,SIN NOMBRE,60199,SIN NOMBRE
60199,SIN NOMBRE,60200,SIN NOMBRE
60200,SIN NOMBRE,60199,SIN NOMBRE
60200,SIN NOMBRE,60200,SIN NOMBRE
60200,SIN NOMBRE,60201,SIN NOMBRE
60201,SIN NOMBRE,60201,SIN NOMBRE
60202,RIERA DE L'ESPARRA,60203,SIN NOMBRE
60202,RIERA DE L'ESPARRA,60205,SIN NOMBRE
60203,SIN NOMBRE,60203,SIN NOMBRE
60203,SIN NOMBRE,60204,SIN NOMBRE
60204,SIN NOMBRE,60204,SIN NOMBRE
60205,SIN NOMBRE,60205,SIN NOMBRE
60207,SIN NOMBRE,60207,SIN NOMBRE
60208,SIN NOMBRE,60208,SIN NOMBRE
60209,SIN NOMBRE,60209,SIN NOMBRE
60209,SIN NOMBRE,60210,SIN NOMBRE
60210,SIN NOMBRE,60210,SIN NOMBRE
60210,SIN NOMBRE,60211,SIN NOMBRE
60211,SIN NOMBRE,60211,SIN NOMBRE
60211,SIN NOMBRE,60212,SIN NOMBRE
60212,SIN NOMBRE,60212,SIN NOMBRE
60213,TORRENT DE MOLLET,60209,SIN NOMBRE
60213,TORRENT DE MOLLET,60218,SIN NOMBRE
60213,TORRENT DE MOLLET,60219,SIN NOMBRE
60213,TORRENT DE MOLLET,60221,SIN NOMBRE
60218,SIN NOMBRE,60218,SIN NOMBRE
60219,SIN NOMBRE,60219,SIN NOMBRE
60219,SIN NOMBRE,60221,SIN NOMBRE
60221,SIN NOMBRE,60219,SIN NOMBRE
60221,SIN NOMBRE,60221,SIN NOMBRE
60222,SOT DE L'INFERN,60223,SIN NOMBRE
60223,SIN NOMBRE,60223,SIN NOMBRE
60224,SIN NOMBRE,60224,SIN NOMBRE
60225,RIERA DE SANTA MARIA,60226,SIN NOMBRE
60226,SIN NOMBRE,60226,SIN NOMBRE
60296,TORRENT DE L'ESPARRA,60303,SIN NOMBRE
60297,BARRANC DE CAN COLOMER,60298,SIN NOMBRE
60298,SIN NOMBRE,60298,SIN NOMBRE
60298,SIN NOMBRE,60299,SIN NOMBRE
60299,SIN NOMBRE,60299,SIN NOMBRE
60300,BARRANC DE CAN COLOMER,60301,SIN NOMBRE
60301,SIN NOMBRE,60301,SIN NOMBRE
60303,SIN NOMBRE,60303,SIN NOMBRE
60312,TORRENT DE VILARRASA,60313,SIN NOMBRE
60313,SIN NOMBRE,60313,SIN NOMBRE
60407,TORRENT DE LA TEULERIA O DEL FERRO,60408,SIN NOMBRE
60407,TORRENT DE LA TEULERIA O DEL FERRO,60409,SIN NOMBRE
60408,SIN NOMBRE,60408,SIN NOMBRE
60409,SIN NOMBRE,60409,SIN NOMBRE
60412,TORRENT DE SANT JACINT,60413,SIN NOMBRE
60413,SIN NOMBRE,60413,SIN NOMBRE
60414,SIN NOMBRE,60414,SIN NOMBRE
60415,TORRENT DE CAN SEGRE,60416,SIN NOMBRE
60415,TORRENT DE CAN SEGRE,60417,SIN NOMBRE
60415,TORRENT DE CAN SEGRE,60418,SIN NOMBRE
60416,SIN NOMBRE,60416,SIN NOMBRE
60417,SIN NOMBRE,60417,SIN NOMBRE
60417,SIN NOMBRE,60418,SIN NOMBRE
60418,SIN NOMBRE,60417,SIN NOMBRE
60418,SIN NOMBRE,60418,SIN NOMBRE
60421,RIERA DE ARBUCIES,60422,SIN NOMBRE
60421,RIERA DE ARBUCIES,60423,SIN NOMBRE
60421,RIERA DE ARBUCIES,60426,SIN NOMBRE
60421,RIERA DE ARBUCIES,60427,SIN NOMBRE
60421,RIERA DE ARBUCIES,60430,SIN NOMBRE
60421,RIERA DE ARBUCIES,60431,SIN NOMBRE
60421,RIERA DE ARBUCIES,60432,SIN NOMBRE
60422,SIN NOMBRE,60422,SIN NOMBRE
60423,SIN NOMBRE,60423,SIN NOMBRE
60424,RIERA DE BUIXALLEU,60425,SIN NOMBRE
60425,SIN NOMBRE,60425,SIN NOMBRE
60426,SIN NOMBRE,60426,SIN NOMBRE
60427,SIN NOMBRE,60427,SIN NOMBRE
60430,SIN NOMBRE,60430,SIN NOMBRE
60431,SIN NOMBRE,60431,SIN NOMBRE
60432,SIN NOMBRE,60432,SIN NOMBRE
60434,RIERA DE RUIDECOS O DE LA PINEDA,60435,SIN NOMBRE
60435,SIN NOMBRE,60435,SIN NOMBRE
60451,SOT DE LA GENETA,60452,SIN NOMBRE
60451,SOT DE LA GENETA,60453,SIN NOMBRE
60452,SIN NOMBRE,60452,SIN NOMBRE
60452,SIN NOMBRE,60453,SIN NOMBRE
60453,SIN NOMBRE,60452,SIN NOMBRE
60453,SIN NOMBRE,60453,SIN NOMBRE
60506,RIERA DE RAMIO,60507,SIN NOMBRE
60507,SIN NOMBRE,60507,SIN NOMBRE
60516,REC DE GASERANS,60517,SIN NOMBRE
60516,REC DE GASERANS,60518,SIN NOMBRE
60517,SIN NOMBRE,60517,SIN NOMBRE
60518,SIN NOMBRE,60518,SIN NOMBRE
60519,SIN NOMBRE,60519,SIN NOMBRE
60520,SIN NOMBRE,60520,SIN NOMBRE
60523,SIN NOMBRE,60523,SIN NOMBRE
60524,RIERA DE RIPIAIX,60525,SIN NOMBRE
60524,RIERA DE RIPIAIX,60546,SIN NOMBRE
60525,SIN NOMBRE,60525,SIN NOMBRE
60528,RIERA DE BREDA,60529,SIN NOMBRE
60528,RIERA DE BREDA,60530,SIN NOMBRE
60529,SIN NOMBRE,60529,SIN NOMBRE
60530,SIN NOMBRE,60530,SIN NOMBRE
60546,SIN NOMBRE,60546,SIN NOMBRE
60547,SOT DE CAMAFOSCA,60546,SIN NOMBRE
60547,SOT DE CAMAFOSCA,60548,SIN NOMBRE
60548,SIN NOMBRE,60548,SIN NOMBRE
60566,SIN NOMBRE,60566,SIN NOMBRE
60567,SIN NOMBRE,60567,SIN NOMBRE
60574,RIERA DE BERENGUER,60575,SIN NOMBRE
60575,SIN NOMBRE,60575,SIN NOMBRE
60580,SIN NOMBRE,60580,SIN NOMBRE
60581,SIN NOMBRE,60581,SIN NOMBRE
